<?xml version="1.0" encoding="utf-8"?>
<browserconfig>
  <msapplication>
    <tile>
      <square70x70logo src="<?php echo get_stylesheet_directory_uri(); ?>/favicons/mstile-70x70.png&v=1"/>
      <square150x150logo src="<?php echo get_stylesheet_directory_uri(); ?>/favicons/mstile-150x150.png&v=1"/>
      <square310x310logo src="<?php echo get_stylesheet_directory_uri(); ?>/favicons/mstile-310x310.png&v=1"/>
      <wide310x150logo src="<?php echo get_stylesheet_directory_uri(); ?>/favicons/mstile-310x150.png&v=1"/>
      <TileColor>#2b5797</TileColor>
    </tile>
  </msapplication>
</browserconfig>
